11  июля   в 13:17;Автоматическое тестирование QT GUI с помощью python и funq;https://habr.com/ru/post/676274/?utm_campaign=676274&utm_source=habrahabr&utm_medium=rss
11  июля   в 12:15;Бескомпромиссный CI-конвейер для питонистов;https://habr.com/ru/post/675304/?utm_campaign=675304&utm_source=habrahabr&utm_medium=rss
15  июля   в 13:23;Сопоставляем с образцом как Pythonista;https://habr.com/ru/post/677126/?utm_campaign=677126&utm_source=habrahabr&utm_medium=rss
13  июля   в 10:00;Сравнительный анализ эффективности работы Cython и Python;https://habr.com/ru/post/676426/?utm_campaign=676426&utm_source=habrahabr&utm_medium=rss
12  июля   в 12:00;В Data Science не нужна математика (Почти);https://habr.com/ru/post/676114/?utm_campaign=676114&utm_source=habrahabr&utm_medium=rss
12  июля   в 11:00;19 способов сделать сокет-сервер на Python. Эволюционный подход. Часть 5. Асинхронное программирование;https://habr.com/ru/post/676144/?utm_campaign=676144&utm_source=habrahabr&utm_medium=rss
11  июля   в 18:00;19 способов сделать сокет-сервер на Python. Эволюционный подход. Часть 3. Первый подход к асинхронности;https://habr.com/ru/post/676124/?utm_campaign=676124&utm_source=habrahabr&utm_medium=rss
15  июля   в 23:45;Как нам живется без DLP: Пишем автоматизацию поиска конфиденциальных документов;https://habr.com/ru/post/677244/?utm_campaign=677244&utm_source=habrahabr&utm_medium=rss
15  июля   в 16:31;Python GUI. Обзор Hero Animation в библиотеке KivyMD;https://habr.com/ru/post/677190/?utm_campaign=677190&utm_source=habrahabr&utm_medium=rss
15  июля   в 16:46;Часть 2. Пишем сервис парсинга матчей Dota 2 на Celery и Flask;https://habr.com/ru/post/677200/?utm_campaign=677200&utm_source=habrahabr&utm_medium=rss
14  июля   в 12:03;Найти вероятность выпадения k (сумма выпавших значений) при бросании n кубиков;https://habr.com/ru/post/676854/?utm_campaign=676854&utm_source=habrahabr&utm_medium=rss
14  июля   в 12:13;Знакомство с Apache Airflow: установка и запуск первого DAGа;https://habr.com/ru/post/676926/?utm_campaign=676926&utm_source=habrahabr&utm_medium=rss
14  июля   в 10:57;Пишем онлайн-тренажёр для Python, C++ и Go: опыт Практикума;https://habr.com/ru/post/676702/?utm_campaign=676702&utm_source=habrahabr&utm_medium=rss
14  июля   в 09:52;Сравнение двух систем для торговли акциями: модели ближайших соседей и торговли по скользящей средней;https://habr.com/ru/post/676878/?utm_campaign=676878&utm_source=habrahabr&utm_medium=rss
14  июля   в 06:00;Расстояние Левенштейна для чайников;https://habr.com/ru/post/676858/?utm_campaign=676858&utm_source=habrahabr&utm_medium=rss
13  июля   в 21:56;Уроки компьютерного зрения на Python + OpenCV с самых азов. Часть 7;https://habr.com/ru/post/676838/?utm_campaign=676838&utm_source=habrahabr&utm_medium=rss
12  июля   в 09:00;19 способов сделать сокет-сервер на Python. Эволюционный подход. Часть 4. Сопрограммы в Python;https://habr.com/ru/post/676136/?utm_campaign=676136&utm_source=habrahabr&utm_medium=rss
12  июля   в 06:39;Статическое Python приложение в образе контейнера на базе scratch;https://habr.com/ru/post/676412/?utm_campaign=676412&utm_source=habrahabr&utm_medium=rss
11  июля   в 23:01;Создание бота на основе discord.py. Часть 1;https://habr.com/ru/post/676390/?utm_campaign=676390&utm_source=habrahabr&utm_medium=rss
11  июля   в 23:08;Интеграция картин в видео фасада здания за 60 часов;https://habr.com/ru/post/676360/?utm_campaign=676360&utm_source=habrahabr&utm_medium=rss
17  июля   в 18:07;Пишем первую программу по машинному обучению до 50 строк с помощью Scikit-Learn;https://habr.com/ru/post/677274/?utm_campaign=677274&utm_source=habrahabr&utm_medium=rss
July 11, 2022;Пишем первую программу по машинному обучению до 50 строк с помощью Scikit-Learn;https://pyimagesearch.com/2022/07/11/word2vec-a-study-of-embeddings-in-nlp/
11  июля   в 15:17;19 способов сделать сокет-сервер на Python. Эволюционный подход. Часть 2. Блокирующие сокеты и многозадачность;https://habr.com/ru/post/676118/?utm_campaign=676118&utm_source=habrahabr&utm_medium=rss
11  июля   в 15:17;19 способов сделать сокет-сервер на Python. Эволюционный подход. Часть 2. Блокирующие сокеты и многозадачность;https://www.youtube.com/watch?v=Sx6GrW2dWno
